{"cameraMode":{"drawMode":0,"name":"Shaded","section":"Shading Mode"},"sceneLighting":false,"audioPlay":false,"sceneViewState":{"showFog":true,"showMaterialUpdate":false,"showSkybox":true,"showFlares":true,"showImageEffects":true,"showParticleSystems":true},"in2DMode":false,"pivot":{"x":-4.363650321960449,"y":-3.2114760875701906,"z":2.2221601009368898},"rotation":{"x":0.07662671059370041,"y":0.6696763038635254,"z":-0.06976256519556046,"w":0.73543781042099},"size":6.0705060958862309,"orthographic":true}