{"cameraMode":{"drawMode":0,"name":"Shaded","section":"Shading Mode"},"sceneLighting":true,"audioPlay":false,"sceneViewState":{"showFog":true,"showMaterialUpdate":false,"showSkybox":true,"showFlares":true,"showImageEffects":true,"showParticleSystems":true},"in2DMode":false,"pivot":{"x":-1.6718894243240357,"y":-5.482334136962891,"z":5.6935296058654789},"rotation":{"x":-0.11563069373369217,"y":-0.22173644602298737,"z":0.026591982692480089,"w":-0.9679170250892639},"size":24.022680282592775,"orthographic":true}